releve,point,X_deduit_m,Y_deduit_m,Z_local_cote_m,source_XY,source_Z
Bordure maison,P00,0.0,-0.0,0.0,Bordure maison.pdf p.1-2 (trace calibre par barre et intervalles des cotes),Bordure maison.pdf p.2
Bordure maison,P01,2.8602472691164254,-0.0,-0.09,Bordure maison.pdf p.1-2 (trace calibre par barre et intervalles des cotes),Bordure maison.pdf p.2
Bordure maison,P02,2.8610389132417215,-0.00038006615556588843,-0.09,Bordure maison.pdf p.1-2 (trace calibre par barre et intervalles des cotes),Bordure maison.pdf p.2
Bordure maison,P03,2.861436779964067,-0.0004103752287312694,-0.09,Bordure maison.pdf p.1-2 (trace calibre par barre et intervalles des cotes),Bordure maison.pdf p.2
Bordure maison,P04,5.020105259081236,0.37661044012863554,-0.22,Bordure maison.pdf p.1-2 (trace calibre par barre et intervalles des cotes),Bordure maison.pdf p.2
Bordure maison,P05,8.84981685862814,0.4594682297167954,-0.4,Bordure maison.pdf p.1-2 (trace calibre par barre et intervalles des cotes),Bordure maison.pdf p.2
Bordure maison,P06,10.335533948447154,-0.12133203084501455,-0.46,Bordure maison.pdf p.1-2 (trace calibre par barre et intervalles des cotes),Bordure maison.pdf p.2
Bordure maison,P07,10.482681130990281,-4.673955918580208,-0.5,Bordure maison.pdf p.1-2 (trace calibre par barre et intervalles des cotes),Bordure maison.pdf p.2
Bordure maison,P08,10.46992630324805,-8.581667196273619,-0.59,Bordure maison.pdf p.1-2 (trace calibre par barre et intervalles des cotes),Bordure maison.pdf p.2
Bordure maison,P09,10.649291549469579,-9.88346209477551,-0.27,Bordure maison.pdf p.1-2 (trace calibre par barre et intervalles des cotes),Bordure maison.pdf p.2
Bordure maison,P10,11.017223491648528,-9.50475455544167,-0.34,Bordure maison.pdf p.1-2 (trace calibre par barre et intervalles des cotes),Bordure maison.pdf p.2
Terrasse de droite,P00,0.0,-0.0,0.0,Terrasse de droite.pdf p.1-2 (trace calibre par barre et intervalles des cotes),Terrasse de droite.pdf p.2
Terrasse de droite,P01,0.8428546187681101,-0.0,-0.0,Terrasse de droite.pdf p.1-2 (trace calibre par barre et intervalles des cotes),Terrasse de droite.pdf p.2
Terrasse de droite,P02,0.9697761544752663,-0.6549126309031149,-0.0,Terrasse de droite.pdf p.1-2 (trace calibre par barre et intervalles des cotes),Terrasse de droite.pdf p.2
Terrasse de droite,P03,4.514779876406676,-0.7533095462399421,0.04,Terrasse de droite.pdf p.1-2 (trace calibre par barre et intervalles des cotes),Terrasse de droite.pdf p.2
Terrasse de droite,P04,4.835479968990349,-1.17504363949768,0.03,Terrasse de droite.pdf p.1-2 (trace calibre par barre et intervalles des cotes),Terrasse de droite.pdf p.2
Terrasse de droite,P05,4.806726481802959,-3.9940999595923294,-0.02,Terrasse de droite.pdf p.1-2 (trace calibre par barre et intervalles des cotes),Terrasse de droite.pdf p.2
Terrasse de droite,P06,4.792508828557708,-6.584016404045111,-0.08,Terrasse de droite.pdf p.1-2 (trace calibre par barre et intervalles des cotes),Terrasse de droite.pdf p.2
Terrasse de droite,P07,4.360494800766965,-6.434748721675368,-0.1,Terrasse de droite.pdf p.1-2 (trace calibre par barre et intervalles des cotes),Terrasse de droite.pdf p.2
Terrasse de droite,P08,2.5481617404563512,-5.285168376281592,0.17,Terrasse de droite.pdf p.1-2 (trace calibre par barre et intervalles des cotes),Terrasse de droite.pdf p.2
Terrasse de droite,P09,-2.3652362155084083,-5.43644282988874,0.03,Terrasse de droite.pdf p.1-2 (trace calibre par barre et intervalles des cotes),Terrasse de droite.pdf p.2
Terrasse de droite,P10,-4.680361297138902,-5.555822924867852,-0.09,Terrasse de droite.pdf p.1-2 (trace calibre par barre et intervalles des cotes),Terrasse de droite.pdf p.2
Terrasse de droite,P11,-5.622180346521919,-4.461864658843303,-0.14,Terrasse de droite.pdf p.1-2 (trace calibre par barre et intervalles des cotes),Terrasse de droite.pdf p.2
Terrasse de droite,P12,-5.700683990656248,-3.315442861595557,-0.12,Terrasse de droite.pdf p.1-2 (trace calibre par barre et intervalles des cotes),Terrasse de droite.pdf p.2
Terrasse de droite,P13,-5.817173479128816,-3.299092839469394,-0.14,Terrasse de droite.pdf p.1-2 (trace calibre par barre et intervalles des cotes),Terrasse de droite.pdf p.2
Terrasse de droite,P14,-5.811956059982149,-2.542448908382509,-0.05,Terrasse de droite.pdf p.1-2 (trace calibre par barre et intervalles des cotes),Terrasse de droite.pdf p.2
Terrasse de droite,P15,-4.193992795825461,-2.5784544965414167,-0.03,Terrasse de droite.pdf p.1-2 (trace calibre par barre et intervalles des cotes),Terrasse de droite.pdf p.2
Terrasse de droite,P16,-4.204151551891303,-3.484726156576105,-0.08,Terrasse de droite.pdf p.1-2 (trace calibre par barre et intervalles des cotes),Terrasse de droite.pdf p.2
Terrasse de droite,P17,-3.705555422217547,-3.527491689014557,-0.07,Terrasse de droite.pdf p.1-2 (trace calibre par barre et intervalles des cotes),Terrasse de droite.pdf p.2
Terrasse de droite,P18,-2.207260895031812,-3.543889159139379,-0.04,Terrasse de droite.pdf p.1-2 (trace calibre par barre et intervalles des cotes),Terrasse de droite.pdf p.2
Terrasse de droite,P19,-1.6928366712171423,-3.533305464379664,-0.02,Terrasse de droite.pdf p.1-2 (trace calibre par barre et intervalles des cotes),Terrasse de droite.pdf p.2
Terrasse de droite,P20,-1.6934148855537428,-2.607603383717633,0.05,Terrasse de droite.pdf p.1-2 (trace calibre par barre et intervalles des cotes),Terrasse de droite.pdf p.2
Terrasse de droite,P21,-1.693992169537428,-2.608169968642797,0.05,Terrasse de droite.pdf p.1-2 (trace calibre par barre et intervalles des cotes),Terrasse de droite.pdf p.2
Terrasse de droite,P22,-0.06065389310937456,-2.5950947887770237,0.0,Terrasse de droite.pdf p.1-2 (trace calibre par barre et intervalles des cotes),Terrasse de droite.pdf p.2
Terrasse de droite,P23,0.0,-0.0,0.0,Terrasse de droite.pdf p.1-2 (trace calibre par barre et intervalles des cotes),Terrasse de droite.pdf p.2
Terrasse de gauche,P00,0.0,-0.0,0.0,Terrasse de gauche.pdf p.1-2 (trace calibre par barre et intervalles des cotes),Terrasse de gauche.pdf p.2
Terrasse de gauche,P01,3.0428822329668335,-0.0,-0.07,Terrasse de gauche.pdf p.1-2 (trace calibre par barre et intervalles des cotes),Terrasse de gauche.pdf p.2
Terrasse de gauche,P02,7.186002484766018,-0.09172360175140747,-0.17,Terrasse de gauche.pdf p.1-2 (trace calibre par barre et intervalles des cotes),Terrasse de gauche.pdf p.2
Terrasse de gauche,P03,7.195036204797786,-0.8540890177286083,-0.17,Terrasse de gauche.pdf p.1-2 (trace calibre par barre et intervalles des cotes),Terrasse de gauche.pdf p.2
Terrasse de gauche,P04,8.093502020142262,-0.7637171573750879,-0.32,Terrasse de gauche.pdf p.1-2 (trace calibre par barre et intervalles des cotes),Terrasse de gauche.pdf p.2
Terrasse de gauche,P05,8.97537583729384,-0.5991895527480926,-0.33,Terrasse de gauche.pdf p.1-2 (trace calibre par barre et intervalles des cotes),Terrasse de gauche.pdf p.2
Terrasse de gauche,P06,11.059138387364147,-0.559213384510669,-0.41,Terrasse de gauche.pdf p.1-2 (trace calibre par barre et intervalles des cotes),Terrasse de gauche.pdf p.2
Terrasse de gauche,P07,11.084136639422683,1.1000760728028076,-0.4,Terrasse de gauche.pdf p.1-2 (trace calibre par barre et intervalles des cotes),Terrasse de gauche.pdf p.2
Terrasse de gauche,P08,10.210392991023648,1.1027054548322963,-0.43,Terrasse de gauche.pdf p.1-2 (trace calibre par barre et intervalles des cotes),Terrasse de gauche.pdf p.2
Terrasse de gauche,P09,10.18473261276314,1.545107347509288,-0.45,Terrasse de gauche.pdf p.1-2 (trace calibre par barre et intervalles des cotes),Terrasse de gauche.pdf p.2
Terrasse de gauche,P10,10.173466905940431,3.0781864674073156,-0.48,Terrasse de gauche.pdf p.1-2 (trace calibre par barre et intervalles des cotes),Terrasse de gauche.pdf p.2
Terrasse de gauche,P11,10.184254543303233,3.5565786241997563,-0.48,Terrasse de gauche.pdf p.1-2 (trace calibre par barre et intervalles des cotes),Terrasse de gauche.pdf p.2
Terrasse de gauche,P12,11.108958005781055,3.557305289778815,-0.51,Terrasse de gauche.pdf p.1-2 (trace calibre par barre et intervalles des cotes),Terrasse de gauche.pdf p.2
Terrasse de gauche,P13,11.094718706917725,5.137756312459028,-0.51,Terrasse de gauche.pdf p.1-2 (trace calibre par barre et intervalles des cotes),Terrasse de gauche.pdf p.2
Terrasse de gauche,P14,13.684882308262774,5.1622394446745155,-0.58,Terrasse de gauche.pdf p.1-2 (trace calibre par barre et intervalles des cotes),Terrasse de gauche.pdf p.2
Terrasse de gauche,P15,13.609359285333964,5.993843660530048,-0.6,Terrasse de gauche.pdf p.1-2 (trace calibre par barre et intervalles des cotes),Terrasse de gauche.pdf p.2
Terrasse de gauche,P16,13.124589681946365,6.066036929670604,-0.59,Terrasse de gauche.pdf p.1-2 (trace calibre par barre et intervalles des cotes),Terrasse de gauche.pdf p.2
Terrasse de gauche,P17,13.12470919931134,6.066064418664549,-0.59,Terrasse de gauche.pdf p.1-2 (trace calibre par barre et intervalles des cotes),Terrasse de gauche.pdf p.2
Terrasse de gauche,P18,13.110097006269283,9.978600415800912,-0.56,Terrasse de gauche.pdf p.1-2 (trace calibre par barre et intervalles des cotes),Terrasse de gauche.pdf p.2
Terrasse de gauche,P19,12.40655684215999,10.113973552002305,-0.61,Terrasse de gauche.pdf p.1-2 (trace calibre par barre et intervalles des cotes),Terrasse de gauche.pdf p.2
Terrasse de gauche,P20,12.40650305934575,10.11787041568737,-0.61,Terrasse de gauche.pdf p.1-2 (trace calibre par barre et intervalles des cotes),Terrasse de gauche.pdf p.2
Terrasse de gauche,P21,8.86248331985775,10.104428297648436,-0.6,Terrasse de gauche.pdf p.1-2 (trace calibre par barre et intervalles des cotes),Terrasse de gauche.pdf p.2
Terrasse de gauche,P22,8.905468935345288,6.046066773156639,-0.66,Terrasse de gauche.pdf p.1-2 (trace calibre par barre et intervalles des cotes),Terrasse de gauche.pdf p.2
Terrasse de gauche,P23,8.708734986378008,5.276195666658898,-0.68,Terrasse de gauche.pdf p.1-2 (trace calibre par barre et intervalles des cotes),Terrasse de gauche.pdf p.2
Terrasse de gauche,P24,7.2327660441604715,2.423497831058619,0.02,Terrasse de gauche.pdf p.1-2 (trace calibre par barre et intervalles des cotes),Terrasse de gauche.pdf p.2
Terrasse de gauche,P25,5.405222430780024,1.1350659765734012,0.0,Terrasse de gauche.pdf p.1-2 (trace calibre par barre et intervalles des cotes),Terrasse de gauche.pdf p.2
Terrasse de gauche,P26,3.3846576753752995,0.5043525236390408,0.04,Terrasse de gauche.pdf p.1-2 (trace calibre par barre et intervalles des cotes),Terrasse de gauche.pdf p.2
Terrasse de gauche,P27,3.060933836979509,0.4358523410762658,0.03,Terrasse de gauche.pdf p.1-2 (trace calibre par barre et intervalles des cotes),Terrasse de gauche.pdf p.2
Terrasse de gauche,P28,0.01298317135742445,0.32442988722939026,0.02,Terrasse de gauche.pdf p.1-2 (trace calibre par barre et intervalles des cotes),Terrasse de gauche.pdf p.2
Terrasse de gauche,P29,0.0,-0.0,0.0,Terrasse de gauche.pdf p.1-2 (trace calibre par barre et intervalles des cotes),Terrasse de gauche.pdf p.2
Zone escalier,P00,0.0,-0.0,0.0,Zone escalier.pdf p.1-2 (trace calibre par barre et intervalles des cotes),Zone escalier.pdf p.2
Zone escalier,P01,1.1999998147425677,-0.0,-0.19,Zone escalier.pdf p.1-2 (trace calibre par barre et intervalles des cotes),Zone escalier.pdf p.2
Zone escalier,P02,2.345316251020108,0.4325610050223388,-0.41,Zone escalier.pdf p.1-2 (trace calibre par barre et intervalles des cotes),Zone escalier.pdf p.2
Zone escalier,P03,2.4138159004329327,0.47703530112295495,-0.56,Zone escalier.pdf p.1-2 (trace calibre par barre et intervalles des cotes),Zone escalier.pdf p.2
Zone escalier,P04,3.2218716946394963,2.7005695415375293,-0.62,Zone escalier.pdf p.1-2 (trace calibre par barre et intervalles des cotes),Zone escalier.pdf p.2
Zone escalier,P05,3.375231378818255,3.1368228877747724,-0.55,Zone escalier.pdf p.1-2 (trace calibre par barre et intervalles des cotes),Zone escalier.pdf p.2
Zone escalier,P06,3.423959202753546,3.237335412523357,-0.02,Zone escalier.pdf p.1-2 (trace calibre par barre et intervalles des cotes),Zone escalier.pdf p.2
Zone escalier,P07,4.437789306238338,3.0666692254398398,0.15,Zone escalier.pdf p.1-2 (trace calibre par barre et intervalles des cotes),Zone escalier.pdf p.2
Zone escalier,P08,4.324746417871427,2.3700921786120674,0.24,Zone escalier.pdf p.1-2 (trace calibre par barre et intervalles des cotes),Zone escalier.pdf p.2
Zone escalier,P09,4.314954891182055,2.342338781535836,0.18,Zone escalier.pdf p.1-2 (trace calibre par barre et intervalles des cotes),Zone escalier.pdf p.2
Zone escalier,P10,4.289583100356527,-0.05621017540751738,0.17,Zone escalier.pdf p.1-2 (trace calibre par barre et intervalles des cotes),Zone escalier.pdf p.2
Zone escalier,P11,3.116369430870959,-0.9439507762542957,0.23,Zone escalier.pdf p.1-2 (trace calibre par barre et intervalles des cotes),Zone escalier.pdf p.2
Zone escalier,P12,2.3895968505324015,-0.9203829900945873,0.35,Zone escalier.pdf p.1-2 (trace calibre par barre et intervalles des cotes),Zone escalier.pdf p.2
Zone escalier,P13,2.2211795136692425,-0.8670470750782,0.47,Zone escalier.pdf p.1-2 (trace calibre par barre et intervalles des cotes),Zone escalier.pdf p.2
Zone escalier,P14,1.1118440653562502,-0.8734435766082604,0.55,Zone escalier.pdf p.1-2 (trace calibre par barre et intervalles des cotes),Zone escalier.pdf p.2
Zone escalier,P15,0.9857026503910687,-0.8612374085508974,0.7,Zone escalier.pdf p.1-2 (trace calibre par barre et intervalles des cotes),Zone escalier.pdf p.2
Zone escalier,P16,-0.09649762946922663,-0.9260436908134976,0.79,Zone escalier.pdf p.1-2 (trace calibre par barre et intervalles des cotes),Zone escalier.pdf p.2
Zone escalier,P17,-0.19513802744677497,-0.9420999889379055,0.92,Zone escalier.pdf p.1-2 (trace calibre par barre et intervalles des cotes),Zone escalier.pdf p.2
Zone escalier,P18,-0.26104452274601425,0.06578092081613164,0.89,Zone escalier.pdf p.1-2 (trace calibre par barre et intervalles des cotes),Zone escalier.pdf p.2
Zone escalier,P19,0.0,-0.0,0.0,Zone escalier.pdf p.1-2 (trace calibre par barre et intervalles des cotes),Zone escalier.pdf p.2
